date,title,url
2023-11-20,Video-LLaVA: Learning United Visual Representation by Alignment Before Projection,https://arxiv.org/abs/2311.10122
2023-11-20,Emu Video: Factorizing Text-to-Video Generation by Explicit Image Conditioning,https://arxiv.org/abs/2311.10709
2023-11-20,Rethinking Attention: Exploring Shallow Feed-Forward Neural Networks as an Alternative to Attention Layers in Transformers,https://arxiv.org/abs/2311.10642
2023-11-20,MetaDreamer: Efficient Text-to-3D Creation With Disentangling Geometry and Texture,https://arxiv.org/abs/2311.10123
2023-11-20,Camels in a Changing Climate: Enhancing LM Adaptation with Tulu 2,https://arxiv.org/abs/2311.10702
2023-11-20,I&S-ViT: An Inclusive & Stable Method for Pushing the Limit of Post-Training ViTs Quantization,https://arxiv.org/abs/2311.10126
2023-11-20,SelfEval: Leveraging the discriminative nature of generative models for evaluation,https://arxiv.org/abs/2311.10708
2023-11-20,VideoCon: Robust Video-Language Alignment via Contrast Captions,https://arxiv.org/abs/2311.10111
2023-11-20,Testing Language Model Agents Safely in the Wild,https://arxiv.org/abs/2311.10538
2023-11-20,Distilling and Retrieving Generalizable Knowledge for Robot Manipulation via Language Corrections,https://arxiv.org/abs/2311.10678
2023-11-20,UnifiedVisionGPT: Streamlining Vision-Oriented AI through Generalized Multimodal Framework,https://arxiv.org/abs/2311.10125
2023-11-21,Exponentially Faster Language Modelling,https://arxiv.org/abs/2311.10770
2023-11-21,Orca 2: Teaching Small Language Models How to Reason,https://arxiv.org/abs/2311.11045
2023-11-21,MultiLoRA: Democratizing LoRA for Better Multi-Task Learning,https://arxiv.org/abs/2311.11501
2023-11-21,System 2 Attention (is something you might need too),https://arxiv.org/abs/2311.11829
2023-11-21,Adapters: A Unified Library for Parameter-Efficient and Modular Transfer Learning,https://arxiv.org/abs/2311.11077
2023-11-21,Text-to-Sticker: Style Tailoring Latent Diffusion Models for Human Expression,https://arxiv.org/abs/2311.10794
2023-11-21,LucidDreamer: Towards High-Fidelity Text-to-3D Generation via Interval Score Matching,https://arxiv.org/abs/2311.11284
2023-11-21,AutoStory: Generating Diverse Storytelling Images with Minimal Human Effort,https://arxiv.org/abs/2311.11243
2023-11-21,GPQA: A Graduate-Level Google-Proof Q&A Benchmark,https://arxiv.org/abs/2311.12022
2023-11-21,TPTU-v2: Boosting Task Planning and Tool Usage of Large Language Model-based Agents in Real-world Systems,https://arxiv.org/abs/2311.11315
2023-11-21,ToolTalk: Evaluating Tool-Usage in a Conversational Setting,https://arxiv.org/abs/2311.10775
2023-11-21,ProAgent: From Robotic Process Automation to Agentic Process Automation,https://arxiv.org/abs/2311.10751
2023-11-21,GPT-4V(ision) for Robotics: Multimodal Task Planning from Human Demonstration,https://arxiv.org/abs/2311.12015
2023-11-21,M$^{2}$UGen: Multi-modal Music Understanding and Generation with the Power of Large Language Models,https://arxiv.org/abs/2311.11255
2023-11-21,Memory Augmented Language Models through Mixture of Word Experts,https://arxiv.org/abs/2311.10768
2023-11-21,Make Pixels Dance: High-Dynamic Video Generation,https://arxiv.org/abs/2311.10982
2023-11-22,HierSpeech++: Bridging the Gap between Semantic and Acoustic Representation of Speech by Hierarchical Variational Inference for Zero-shot Speech Synthesis,https://arxiv.org/abs/2311.12454
2023-11-22,SuGaR: Surface-Aligned Gaussian Splatting for Efficient 3D Mesh Reconstruction and High-Quality Mesh Rendering,https://arxiv.org/abs/2311.12775
2023-11-22,Concept Sliders: LoRA Adaptors for Precise Control in Diffusion Models,https://arxiv.org/abs/2311.12092
2023-11-22,PhysGaussian: Physics-Integrated 3D Gaussians for Generative Dynamics,https://arxiv.org/abs/2311.12198
2023-11-22,MagicDance: Realistic Human Dance Video Generation with Motions & Facial Expressions Transfer,https://arxiv.org/abs/2311.12052
2023-11-22,PF-LRM: Pose-Free Large Reconstruction Model for Joint Pose and Shape Prediction,https://arxiv.org/abs/2311.12024
2023-11-22,GPT4Motion: Scripting Physical Motions in Text-to-Video Generation via Blender-Oriented GPT Planning,https://arxiv.org/abs/2311.12631
2023-11-22,NeuroPrompts: An Adaptive Framework to Optimize Prompts for Text-to-Image Generation,https://arxiv.org/abs/2311.12229
2023-11-23,GAIA: a benchmark for General AI Assistants,https://arxiv.org/abs/2311.12983
2023-11-23,Diffusion Model Alignment Using Direct Preference Optimization,https://arxiv.org/abs/2311.12908
2023-11-23,LucidDreamer: Domain-free Generation of 3D Gaussian Splatting Scenes,https://arxiv.org/abs/2311.13384
2023-11-23,Using Human Feedback to Fine-tune Diffusion Models without Any Reward Model,https://arxiv.org/abs/2311.13231
2023-11-23,FusionFrames: Efficient Architectural Aspects for Text-to-Video Generation Pipeline,https://arxiv.org/abs/2311.13073
2023-11-23,ZipLoRA: Any Subject in Any Style by Effectively Merging LoRAs,https://arxiv.org/abs/2311.13600
2023-11-23,Diffusion360: Seamless 360 Degree Panoramic Image Generation based on Diffusion Models,https://arxiv.org/abs/2311.13141
2023-11-23,PG-Video-LLaVA: Pixel Grounding Large Video-Language Models,https://arxiv.org/abs/2311.13435
2023-11-23,Visual In-Context Prompting,https://arxiv.org/abs/2311.13601
2023-12-04,Mamba: Linear-Time Sequence Modeling with Selective State Spaces,https://arxiv.org/abs/2312.00752
2023-12-04,Merlin:Empowering Multimodal LLMs with Foresight Minds,https://arxiv.org/abs/2312.00589
2023-12-04,SeaLLMs -- Large Language Models for Southeast Asia,https://arxiv.org/abs/2312.00738
2023-12-04,VideoBooth: Diffusion-based Video Generation with Image Prompts,https://arxiv.org/abs/2312.00777
2023-12-04,Beyond ChatBots: ExploreLLM for Structured Thoughts and Personalized Model Responses,https://arxiv.org/abs/2312.00763
2023-12-04,GraphDreamer: Compositional 3D Scene Synthesis from Scene Graphs,https://arxiv.org/abs/2312.00093
2023-12-04,MoMask: Generative Masked Modeling of 3D Human Motions,https://arxiv.org/abs/2312.00063
2023-12-04,HiFi Tuner: High-Fidelity Subject-Driven Fine-Tuning for Diffusion Models,https://arxiv.org/abs/2312.00079
2023-12-04,Dolphins: Multimodal Language Model for Driving,https://arxiv.org/abs/2312.00438
2023-12-04,DREAM: Diffusion Rectification and Estimation-Adaptive Models,https://arxiv.org/abs/2312.00210
2023-12-04,StyleCrafter: Enhancing Stylized Text-to-Video Generation with Style Adapter,https://arxiv.org/abs/2312.00330
2023-12-04,Instruction-tuning Aligns LLMs to the Human Brain,https://arxiv.org/abs/2312.00575
2023-12-04,PyNeRF: Pyramidal Neural Radiance Fields,https://arxiv.org/abs/2312.00252
2023-12-04,Towards Accurate Differential Diagnosis with Large Language Models,https://arxiv.org/abs/2312.00164
2023-12-04,FSGS: Real-Time Few-shot View Synthesis using Gaussian Splatting,https://arxiv.org/abs/2312.00451
2023-12-04,Scaffold-GS: Structured 3D Gaussians for View-Adaptive Rendering,https://arxiv.org/abs/2312.00109
2023-12-04,Text-Guided 3D Face Synthesis -- From Generation to Editing,https://arxiv.org/abs/2312.00375
2023-12-04,X-Dreamer: Creating High-quality 3D Content by Bridging the Domain Gap Between Text-to-2D and Text-to-3D Generation,https://arxiv.org/abs/2312.00085
2023-12-05,Magicoder: Source Code Is All You Need,https://arxiv.org/abs/2312.02120
2023-12-05,VMC: Video Motion Customization using Temporal Attention Adaption for Text-to-Video Diffusion Models,https://arxiv.org/abs/2312.00845
2023-12-05,The Unlocking Spell on Base LLMs: Rethinking Alignment via In-Context Learning,https://arxiv.org/abs/2312.01552
2023-12-05,VideoSwap: Customized Video Subject Swapping with Interactive Semantic Point Correspondence,https://arxiv.org/abs/2312.02087
2023-12-05,DeepCache: Accelerating Diffusion Models for Free,https://arxiv.org/abs/2312.00858
2023-12-05,Segment and Caption Anything,https://arxiv.org/abs/2312.00869
2023-12-05,GIVT: Generative Infinite-Vocabulary Transformers,https://arxiv.org/abs/2312.02116
2023-12-05,Segment Any 3D Gaussians,https://arxiv.org/abs/2312.00860
2023-12-05,Object Recognition as Next Token Prediction,https://arxiv.org/abs/2312.02142
2023-12-05,RLHF-V: Towards Trustworthy MLLMs via Behavior Alignment from Fine-grained Correctional Human Feedback,https://arxiv.org/abs/2312.00849
2023-12-05,Fast View Synthesis of Casual Videos,https://arxiv.org/abs/2312.02135
2023-12-05,Nash Learning from Human Feedback,https://arxiv.org/abs/2312.00886
2023-12-05,DiffiT: Diffusion Vision Transformers for Image Generation,https://arxiv.org/abs/2312.02139
2023-12-05,Style Aligned Image Generation via Shared Attention,https://arxiv.org/abs/2312.02133
2023-12-05,SANeRF-HQ: Segment Anything for NeRF in High Quality,https://arxiv.org/abs/2312.01531
2023-12-05,VideoRF: Rendering Dynamic Radiance Fields as 2D Feature Video Streams,https://arxiv.org/abs/2312.01407
2023-12-05,GPS-Gaussian: Generalizable Pixel-wise 3D Gaussian Splatting for Real-time Human Novel View Synthesis,https://arxiv.org/abs/2312.02155
2023-12-05,Generative Powers of Ten,https://arxiv.org/abs/2312.02149
2023-12-05,Rejuvenating image-GPT as Strong Visual Representation Learners,https://arxiv.org/abs/2312.02147
2023-12-05,Using Large Language Models to Accelerate Communication for Users with Severe Motor Impairments,https://arxiv.org/abs/2312.01532
2023-12-05,TextGenSHAP: Scalable Post-hoc Explanations in Text Generation with Long Documents,https://arxiv.org/abs/2312.01279
2023-12-05,Generative Rendering: Controllable 4D-Guided Video Generation with 2D Diffusion Models,https://arxiv.org/abs/2312.01409
2023-12-05,Customize your NeRF: Adaptive Source Driven 3D Scene Editing via Local-Global Iterative Training,https://arxiv.org/abs/2312.01663
2023-12-06,FaceStudio: Put Your Face Everywhere in Seconds,https://arxiv.org/abs/2312.02663
2023-12-06,ImageDream: Image-Prompt Multi-view Diffusion for 3D Generation,https://arxiv.org/abs/2312.02201
2023-12-06,X-Adapter: Adding Universal Compatibility of Plugins for Upgraded Diffusion Model,https://arxiv.org/abs/2312.02238
2023-12-06,Describing Differences in Image Sets with Natural Language,https://arxiv.org/abs/2312.02974
2023-12-06,Rank-without-GPT: Building GPT-Independent Listwise Rerankers on Open-Source Large Language Models,https://arxiv.org/abs/2312.02969
2023-12-06,Analyzing and Improving the Training Dynamics of Diffusion Models,https://arxiv.org/abs/2312.02696
2023-12-06,Orthogonal Adaptation for Modular Customization of Diffusion Models,https://arxiv.org/abs/2312.02432
2023-12-06,LivePhoto: Real Image Animation with Text-guided Motion Control,https://arxiv.org/abs/2312.02928
2023-12-06,MVHumanNet: A Large-scale Dataset of Multi-view Daily Dressing Human Captures,https://arxiv.org/abs/2312.02963
2023-12-06,Fine-grained Controllable Video Generation via Object Appearance and Context,https://arxiv.org/abs/2312.02919
2023-12-06,DragVideo: Interactive Drag-style Video Editing,https://arxiv.org/abs/2312.02216
2023-12-06,ReconFusion: 3D Reconstruction with Diffusion Priors,https://arxiv.org/abs/2312.02981
2023-12-06,Training Chain-of-Thought via Latent-Variable Inference,https://arxiv.org/abs/2312.02179
2023-12-06,Alchemist: Parametric Control of Material Properties with Diffusion Models,https://arxiv.org/abs/2312.02970
2023-12-06,Axiomatic Preference Modeling for Longform Question Answering,https://arxiv.org/abs/2312.02206
2023-12-06,Generating Fine-Grained Human Motions Using ChatGPT-Refined Descriptions,https://arxiv.org/abs/2312.02772
2023-12-06,StableDreamer: Taming Noisy Score Distillation Sampling for Text-to-3D,https://arxiv.org/abs/2312.02189
2023-12-06,GPT4Point: A Unified Framework for Point-Language Understanding and Generation,https://arxiv.org/abs/2312.02980
2023-12-06,LLaVA-Grounding: Grounded Visual Chat with Large Multimodal Models,https://arxiv.org/abs/2312.02949
2023-12-06,WhisBERT: Multimodal Text-Audio Language Modeling on 100M Words,https://arxiv.org/abs/2312.02931
2023-12-07,Schrodinger Bridges Beat Diffusion Models on Text-to-Speech Synthesis,https://arxiv.org/abs/2312.03491
2023-12-07,Relightable Gaussian Codec Avatars,https://arxiv.org/abs/2312.03704
2023-12-07,Gaussian Head Avatar: Ultra High-fidelity Head Avatar via Dynamic Gaussians,https://arxiv.org/abs/2312.03029
2023-12-07,OneLLM: One Framework to Align All Modalities with Language,https://arxiv.org/abs/2312.03700
2023-12-07,Cache Me if You Can: Accelerating Diffusion Models through Block Caching,https://arxiv.org/abs/2312.03209
2023-12-07,MotionCtrl: A Unified and Flexible Motion Controller for Video Generation,https://arxiv.org/abs/2312.03641
2023-12-07,Kandinsky 3.0 Technical Report,https://arxiv.org/abs/2312.03511
2023-12-07,HiFi4G: High-Fidelity Human Performance Rendering via Compact Gaussian Splatting,https://arxiv.org/abs/2312.03461
2023-12-07,Context Diffusion: In-Context Aware Image Generation,https://arxiv.org/abs/2312.03584
2023-12-07,LooseControl: Lifting ControlNet for Generalized Depth Conditioning,https://arxiv.org/abs/2312.03079
2023-12-07,DreamComposer: Controllable 3D Object Generation via Multi-View Conditions,https://arxiv.org/abs/2312.03611
2023-12-07,"Generative agent-based modeling with actions grounded in physical, social, or digital space using Concordia",https://arxiv.org/abs/2312.03664
2023-12-07,HybridNeRF: Efficient Neural Rendering via Adaptive Volumetric Surfaces,https://arxiv.org/abs/2312.03160
2023-12-07,MagicStick: Controllable Video Editing via Control Handle Transformations,https://arxiv.org/abs/2312.03047
2023-12-07,Language-Informed Visual Concept Learning,https://arxiv.org/abs/2312.03587
2023-12-07,Self-conditioned Image Generation via Generating Representations,https://arxiv.org/abs/2312.03701
2023-12-07,Multimodal Data and Resource Efficient Device-Directed Speech Detection with Large Foundation Models,https://arxiv.org/abs/2312.03632
2023-12-08,Alpha-CLIP: A CLIP Model Focusing on Wherever You Want,https://arxiv.org/abs/2312.03818
2023-12-08,AnimateZero: Video Diffusion Models are Zero-Shot Image Animators,https://arxiv.org/abs/2312.03793
2023-12-08,PhotoMaker: Customizing Realistic Human Photos via Stacked ID Embedding,https://arxiv.org/abs/2312.04461
2023-12-08,Chain of Code: Reasoning with a Language Model-Augmented Code Emulator,https://arxiv.org/abs/2312.04474
2023-12-08,Beyond Surface: Probing LLaMA Across Scales and Layers,https://arxiv.org/abs/2312.04333
2023-12-08,Smooth Diffusion: Crafting Smooth Latent Spaces in Diffusion Models,https://arxiv.org/abs/2312.04410
2023-12-08,GenTron: Delving Deep into Diffusion Transformers for Image and Video Generation,https://arxiv.org/abs/2312.04557
2023-12-08,HyperDreamer: Hyper-Realistic 3D Content Generation and Editing from a Single Image,https://arxiv.org/abs/2312.04543
2023-12-08,Controllable Human-Object Interaction Synthesis,https://arxiv.org/abs/2312.03913
2023-12-08,DreamVideo: Composing Your Dream Videos with Customized Subject and Motion,https://arxiv.org/abs/2312.04433
2023-12-08,Hierarchical Spatio-temporal Decoupling for Text-to-Video Generation,https://arxiv.org/abs/2312.04483
2023-12-08,Gen2Det: Generate to Detect,https://arxiv.org/abs/2312.04566
2023-12-08,Efficient Monotonic Multihead Attention,https://arxiv.org/abs/2312.04515
2023-12-08,NeRFiller: Completing Scenes via Generative 3D Inpainting,https://arxiv.org/abs/2312.04560
2023-12-08,Scaling Laws of Synthetic Images for Model Training ... for Now,https://arxiv.org/abs/2312.04567
2023-12-08,Pearl: A Production-ready Reinforcement Learning Agent,https://arxiv.org/abs/2312.03814
2023-12-08,Generating Illustrated Instructions,https://arxiv.org/abs/2312.04552
2023-12-08,LEGO: Learning EGOcentric Action Frame Generation via Visual Instruction Tuning,https://arxiv.org/abs/2312.03849
2023-12-08,Large Language Models for Mathematicians,https://arxiv.org/abs/2312.04556
2023-12-11,SparQ Attention: Bandwidth-Efficient LLM Inference,https://arxiv.org/abs/2312.04985
2023-12-11,DreaMoving: A Human Dance Video Generation Framework based on Diffusion Models,https://arxiv.org/abs/2312.05107
2023-12-11,ECLIPSE: A Resource-Efficient Text-to-Image Prior for Image Generations,https://arxiv.org/abs/2312.04655
2023-12-11,Purple Llama CyberSecEval: A Secure Coding Benchmark for Language Models,https://arxiv.org/abs/2312.04724
2023-12-11,Text-to-3D Generation with Bidirectional Diffusion using both 2D and 3D priors,https://arxiv.org/abs/2312.04963
2023-12-11,Customizing Motion in Text-to-Video Diffusion Models,https://arxiv.org/abs/2312.04966
2023-12-11,PathFinder: Guided Search over Multi-Step Reasoning Paths,https://arxiv.org/abs/2312.05180
2023-12-11,MVDD: Multi-View Depth Diffusion Models,https://arxiv.org/abs/2312.04875
2023-12-11,EE-LLM: Large-Scale Training and Inference of Early-Exit Large Language Models with 3D Parallelism,https://arxiv.org/abs/2312.04916
2023-12-11,Localized Symbolic Knowledge Distillation for Visual Commonsense Models,https://arxiv.org/abs/2312.04837
2023-12-12,LLM360: Towards Fully Transparent Open-Source LLMs,https://arxiv.org/abs/2312.06550
2023-12-12,Sherpa3D: Boosting High-Fidelity Text-to-3D Generation via Coarse 3D Prior,https://arxiv.org/abs/2312.06655
2023-12-12,Vary: Scaling up the Vision Vocabulary for Large Vision-Language Models,https://arxiv.org/abs/2312.06109
2023-12-12,Beyond Human Data: Scaling Self-Training for Problem-Solving with Language Models,https://arxiv.org/abs/2312.06585
2023-12-12,Photorealistic Video Generation with Diffusion Models,https://arxiv.org/abs/2312.06662
2023-12-12,"From Text to Motion: Grounding GPT-4 in a Humanoid Robot ""Alter3""",https://arxiv.org/abs/2312.06571
2023-12-12,Context Tuning for Retrieval Augmented Generation,https://arxiv.org/abs/2312.05708
2023-12-12,Efficient Quantization Strategies for Latent Diffusion Models,https://arxiv.org/abs/2312.05431
2023-12-12,Evaluation of Large Language Models for Decision Making in Autonomous Driving,https://arxiv.org/abs/2312.06351
2023-12-12,Using Captum to Explain Generative Language Models,https://arxiv.org/abs/2312.05491
2023-12-12,Federated Full-Parameter Tuning of Billion-Sized Language Models with Communication Cost under 18 Kilobytes,https://arxiv.org/abs/2312.06353
2023-12-12,Order Matters in the Presence of Dataset Imbalance for Multilingual Learning,https://arxiv.org/abs/2312.06134
2023-12-12,TCNCA: Temporal Convolution Network with Chunked Attention for Scalable Sequence Processing,https://arxiv.org/abs/2312.05605
2023-12-12,Unlocking Anticipatory Text Generation: A Constrained Approach for Faithful Decoding with Large Language Models,https://arxiv.org/abs/2312.06149
2023-12-13,FreeInit: Bridging Initialization Gap in Video Diffusion Models,https://arxiv.org/abs/2312.07537
2023-12-13,FreeControl: Training-Free Spatial Control of Any Text-to-Image Diffusion Model with Any Condition,https://arxiv.org/abs/2312.07536
2023-12-13,DiffMorpher: Unleashing the Capability of Diffusion Models for Image Morphing,https://arxiv.org/abs/2312.07409
2023-12-13,VILA: On Pre-training for Visual Language Models,https://arxiv.org/abs/2312.07533
2023-12-13,Alignment for Honesty,https://arxiv.org/abs/2312.07000
2023-12-13,CCM: Adding Conditional Controls to Text-to-Image Consistency Models,https://arxiv.org/abs/2312.06971
2023-12-13,Steering Llama 2 via Contrastive Activation Addition,https://arxiv.org/abs/2312.06681
2023-12-13,Interfacing Foundation Models' Embeddings,https://arxiv.org/abs/2312.07532
2023-12-13,COLMAP-Free 3D Gaussian Splatting,https://arxiv.org/abs/2312.07504
2023-12-13,Rethinking Compression: Reduced Order Modelling of Latent Features in Large Language Models,https://arxiv.org/abs/2312.07046
2023-12-13,Honeybee: Locality-enhanced Projector for Multimodal LLM,https://arxiv.org/abs/2312.06742
2023-12-13,How Well Does GPT-4V(ision) Adapt to Distribution Shifts? A Preliminary Investigation,https://arxiv.org/abs/2312.07424
2023-12-13,Fast Training of Diffusion Transformer with Extreme Masking for 3D Point Clouds Generation,https://arxiv.org/abs/2312.07231
2023-12-13,Llama Guard: LLM-based Input-Output Safeguard for Human-AI Conversations,https://arxiv.org/abs/2312.06674
2023-12-13,PEEKABOO: Interactive Video Generation via Masked-Diffusion,https://arxiv.org/abs/2312.07509
2023-12-13,"""I Want It That Way"": Enabling Interactive Decision Support Using Large Language Models and Constraint Programming",https://arxiv.org/abs/2312.06908
2023-12-14,SwitchHead: Accelerating Transformers with Mixture-of-Experts Attention,https://arxiv.org/abs/2312.07987
2023-12-14,Distributed Inference and Fine-tuning of Large Language Models Over The Internet,https://arxiv.org/abs/2312.08361
2023-12-14,CLIP as RNN: Segment Countless Visual Concepts without Training Endeavor,https://arxiv.org/abs/2312.07661
2023-12-14,PromptBench: A Unified Library for Evaluation of Large Language Models,https://arxiv.org/abs/2312.07910
2023-12-14,Clockwork Diffusion: Efficient Generation With Model-Step Distillation,https://arxiv.org/abs/2312.08128
2023-12-14,"Foundation Models in Robotics: Applications, Challenges, and the Future",https://arxiv.org/abs/2312.07843
2023-12-14,Invariant Graph Transformer,https://arxiv.org/abs/2312.07859
2023-12-14,FoundationPose: Unified 6D Pose Estimation and Tracking of Novel Objects,https://arxiv.org/abs/2312.08344
2023-12-14,ProNeRF: Learning Efficient Projection-Aware Ray Sampling for Fine-Grained Implicit Neural Radiance Fields,https://arxiv.org/abs/2312.08136
2023-12-15,StemGen: A music generation model that listens,https://arxiv.org/abs/2312.08723
2023-12-15,CogAgent: A Visual Language Model for GUI Agents,https://arxiv.org/abs/2312.08914
2023-12-15,TinyGSM: achieving >80% on GSM8k with small language models,https://arxiv.org/abs/2312.09241
2023-12-15,A Picture is Worth More Than 77 Text Tokens: Evaluating CLIP-Style Models on Dense Captions,https://arxiv.org/abs/2312.08578
2023-12-15,VideoLCM: Video Latent Consistency Model,https://arxiv.org/abs/2312.09109
2023-12-15,LIME: Localized Image Editing via Attention Regularization in Diffusion Models,https://arxiv.org/abs/2312.09256
2023-12-15,Vision-Language Models as a Source of Rewards,https://arxiv.org/abs/2312.09187
2023-12-15,Mosaic-SDF for 3D Generative Models,https://arxiv.org/abs/2312.09222
2023-12-15,FineControlNet: Fine-level Text Control for Image Generation with Spatially Aligned Text Control Injection,https://arxiv.org/abs/2312.09252
2023-12-15,SEEAvatar: Photorealistic Text-to-3D Avatar Generation with Constrained Geometry and Appearance,https://arxiv.org/abs/2312.08889
2023-12-15,Zebra: Extending Context Window with Layerwise Grouped Local-Global Attention,https://arxiv.org/abs/2312.08618
2023-12-15,VL-GPT: A Generative Pre-trained Transformer for Vision and Language Understanding and Generation,https://arxiv.org/abs/2312.09251
2023-12-15,Pixel Aligned Language Models,https://arxiv.org/abs/2312.09237
2023-12-15,General Object Foundation Model for Images and Videos at Scale,https://arxiv.org/abs/2312.09158
2023-12-15,ZeroQuant(4+2): Redefining LLMs Quantization with a New FP6-Centric Strategy for Diverse Generative Tasks,https://arxiv.org/abs/2312.08583
2023-12-15,Modeling Complex Mathematical Reasoning via Large Language Model based MathAgent,https://arxiv.org/abs/2312.08926
2023-12-15,Helping or Herding? Reward Model Ensembles Mitigate but do not Eliminate Reward Hacking,https://arxiv.org/abs/2312.09244
2023-12-15,Holodeck: Language Guided Generation of 3D Embodied AI Environments,https://arxiv.org/abs/2312.09067
2023-12-15,SHAP-EDITOR: Instruction-guided Latent 3D Editing in Seconds,https://arxiv.org/abs/2312.09246
2023-12-15,UniDream: Unifying Diffusion Priors for Relightable Text-to-3D Generation,https://arxiv.org/abs/2312.08754
2023-12-15,TigerBot: An Open Multilingual Multitask LLM,https://arxiv.org/abs/2312.08688
2023-12-18,"Amphion: An Open-Source Audio, Music and Speech Generation Toolkit",https://arxiv.org/abs/2312.09911
2023-12-18,Weak-to-Strong Generalization: Eliciting Strong Capabilities With Weak Supervision,https://arxiv.org/abs/2312.09390
2023-12-18,DreamTalk: When Expressive Talking Head Generation Meets Diffusion Probabilistic Models,https://arxiv.org/abs/2312.09767
2023-12-18,ReST meets ReAct: Self-Improvement for Multi-Step Reasoning LLM Agent,https://arxiv.org/abs/2312.10003
2023-12-18,Weight subcloning: direct initialization of transformers using larger pretrained ones,https://arxiv.org/abs/2312.09299
2023-12-18,MobileSAMv2: Faster Segment Anything to Everything,https://arxiv.org/abs/2312.09579
2023-12-18,"Point Transformer V3: Simpler, Faster, Stronger",https://arxiv.org/abs/2312.10035
2023-12-18,Self-Evaluation Improves Selective Generation in Large Language Models,https://arxiv.org/abs/2312.09300
2023-12-18,Extending Context Window of Large Language Models via Semantic Compression,https://arxiv.org/abs/2312.09571
2023-12-18,Faster Diffusion: Rethinking the Role of UNet Encoder in Diffusion Models,https://arxiv.org/abs/2312.09608
2023-12-18,Stable Score Distillation for High-Quality 3D Generation,https://arxiv.org/abs/2312.09305
2023-12-18,Challenges with unsupervised LLM knowledge discovery,https://arxiv.org/abs/2312.10029
2023-12-18,Faithful Persona-based Conversational Dataset Generation with Large Language Models,https://arxiv.org/abs/2312.10007
2023-12-18,SlimmeRF: Slimmable Radiance Fields,https://arxiv.org/abs/2312.10034
2023-12-18,Perspectives on the State and Future of Deep Learning -- 2023,https://arxiv.org/abs/2312.09323
2023-12-19,VecFusion: Vector Font Generation with Diffusion,https://arxiv.org/abs/2312.10540
2023-12-19,G-LLaVA: Solving Geometric Problem with Multi-Modal Large Language Model,https://arxiv.org/abs/2312.11370
2023-12-19,SCEdit: Efficient and Controllable Image Diffusion Generation via Skip Connection Editing,https://arxiv.org/abs/2312.11392
2023-12-19,Rich Human Feedback for Text-to-Image Generation,https://arxiv.org/abs/2312.10240
2023-12-19,GAvatar: Animatable 3D Gaussian Avatars with Implicit Mesh Learning,https://arxiv.org/abs/2312.11461
2023-12-19,MagicScroll: Nontypical Aspect-Ratio Image Generation for Visual Storytelling via Multi-Layered Semantic-Aware Denoising,https://arxiv.org/abs/2312.10899
2023-12-19,MAG-Edit: Localized Image Editing in Complex Scenarios via Mask-Based Attention-Adjusted Guidance,https://arxiv.org/abs/2312.11396
2023-12-19,M3DBench: Let's Instruct Large Models with Multi-modal 3D Prompts,https://arxiv.org/abs/2312.10763
2023-12-19,Cascade Speculative Drafting for Even Faster LLM Inference,https://arxiv.org/abs/2312.11462
2023-12-19,Paloma: A Benchmark for Evaluating Language Model Fit,https://arxiv.org/abs/2312.10523
2023-12-19,VidToMe: Video Token Merging for Zero-Shot Video Editing,https://arxiv.org/abs/2312.10656
2023-12-19,VolumeDiffusion: Flexible Text-to-3D Generation with Efficient Volumetric Encoder,https://arxiv.org/abs/2312.11459
2023-12-19,ProTIP: Progressive Tool Retrieval Improves Planning,https://arxiv.org/abs/2312.10332
2023-12-19,Your Student is Better Than Expected: Adaptive Teacher-Student Collaboration for Text-Conditional Diffusion Models,https://arxiv.org/abs/2312.10835
2023-12-19,GauFRe: Gaussian Deformation Fields for Real-time Dynamic Novel View Synthesis,https://arxiv.org/abs/2312.11458
2023-12-19,Catwalk: A Unified Language Model Evaluation Framework for Many Datasets,https://arxiv.org/abs/2312.10253
2023-12-19,Silkie: Preference Distillation for Large Visual Language Models,https://arxiv.org/abs/2312.10665
2023-12-20,LLM in a flash: Efficient Large Language Model Inference with Limited Memory,https://arxiv.org/abs/2312.11514
2023-12-20,Gemini: A Family of Highly Capable Multimodal Models,https://arxiv.org/abs/2312.11805
2023-12-20,StarVector: Generating Scalable Vector Graphics Code from Images,https://arxiv.org/abs/2312.11556
2023-12-20,"Jack of All Tasks, Master of Many: Designing General-purpose Coarse-to-Fine Vision-Language Model",https://arxiv.org/abs/2312.12423
2023-12-20,3D-LFM: Lifting Foundation Model,https://arxiv.org/abs/2312.11894
2023-12-20,A Challenger to GPT-4V? Early Explorations of Gemini in Visual Expertise,https://arxiv.org/abs/2312.12436
2023-12-20,HAAR: Text-Conditioned Generative Model of 3D Strand-based Human Hairstyles,https://arxiv.org/abs/2312.11666
2023-12-20,Tracking Any Object Amodally,https://arxiv.org/abs/2312.12433
2023-12-20,MixRT: Mixed Neural Representations For Real-Time NeRF Rendering,https://arxiv.org/abs/2312.11841
2023-12-20,FastSR-NeRF: Improving NeRF Efficiency on Consumer Devices with A Simple Super-Resolution Pipeline,https://arxiv.org/abs/2312.11537
2023-12-20,TIP: Text-Driven Image Processing with Semantic and Restoration Instructions,https://arxiv.org/abs/2312.11595
2023-12-20,Customize-It-3D: High-Quality 3D Creation from A Single Image Using Subject-Specific Knowledge Prior,https://arxiv.org/abs/2312.11535
2023-12-20,Text-Conditioned Resampler For Long Form Video Understanding,https://arxiv.org/abs/2312.11897
2023-12-20,Topic-VQ-VAE: Leveraging Latent Codebooks for Flexible Topic-Guided Document Generation,https://arxiv.org/abs/2312.11532
2023-12-20,Towards Accurate Guided Diffusion Sampling through Symplectic Adjoint Method,https://arxiv.org/abs/2312.12030
2023-12-21,StreamDiffusion: A Pipeline-level Solution for Real-time Interactive Generation,https://arxiv.org/abs/2312.12491
2023-12-21,PowerInfer: Fast Large Language Model Serving with a Consumer-grade GPU,https://arxiv.org/abs/2312.12456
2023-12-21,Generative Multimodal Models are In-Context Learners,https://arxiv.org/abs/2312.13286
2023-12-21,Zero-Shot Metric Depth with a Field-of-View Conditioned Diffusion Model,https://arxiv.org/abs/2312.13252
2023-12-21,InstructVideo: Instructing Video Diffusion Models with Human Feedback,https://arxiv.org/abs/2312.12490
2023-12-21,Cached Transformers: Improving Transformers with Differentiable Memory Cache,https://arxiv.org/abs/2312.12742
2023-12-21,Splatter Image: Ultra-Fast Single-View 3D Reconstruction,https://arxiv.org/abs/2312.13150
2023-12-21,UniSDF: Unifying Neural Representations for High-Fidelity 3D Reconstruction of Complex Scenes with Reflections,https://arxiv.org/abs/2312.13285
2023-12-21,SpecNeRF: Gaussian Directional Encoding for Specular Reflections,https://arxiv.org/abs/2312.13102
2023-12-21,Mini-GPTs: Efficient Large Language Models through Contextual Pruning,https://arxiv.org/abs/2312.12682
2023-12-21,MaskINT: Video Editing via Interpolative Non-autoregressive Masked Transformers,https://arxiv.org/abs/2312.12468
2023-12-21,Repaint123: Fast and High-quality One Image to 3D Generation with Progressive Controllable 2D Repainting,https://arxiv.org/abs/2312.13271
2023-12-21,Model-Based Control with Sparse Neural Dynamics,https://arxiv.org/abs/2312.12791
2023-12-21,RadEdit: stress-testing biomedical vision models via diffusion image editing,https://arxiv.org/abs/2312.12865
2023-12-21,Adaptive Guidance: Training-free Acceleration of Conditional Diffusion Models,https://arxiv.org/abs/2312.12487
2023-12-22,AppAgent: Multimodal Agents as Smartphone Users,https://arxiv.org/abs/2312.13771
2023-12-22,VideoPoet: A Large Language Model for Zero-Shot Video Generation,https://arxiv.org/abs/2312.14125
2023-12-22,Fairy: Fast Parallelized Instruction-Guided Video-to-Video Synthesis,https://arxiv.org/abs/2312.13834
2023-12-22,Paint3D: Paint Anything 3D with Lighting-Less Texture Diffusion Models,https://arxiv.org/abs/2312.13913
2023-12-22,DREAM-Talk: Diffusion-based Realistic Emotional Audio-driven Method for Single Image Talking Face Generation,https://arxiv.org/abs/2312.13578
2023-12-22,Time is Encoded in the Weights of Finetuned Language Models,https://arxiv.org/abs/2312.13401
2023-12-22,HD-Painter: High-Resolution and Prompt-Faithful Text-Guided Image Inpainting with Diffusion Models,https://arxiv.org/abs/2312.14091
2023-12-22,DreamTuner: Single Image is Enough for Subject-Driven Generation,https://arxiv.org/abs/2312.13691
2023-12-22,PIA: Your Personalized Image Animator via Plug-and-Play Modules in Text-to-Image Models,https://arxiv.org/abs/2312.13964
2023-12-22,TinySAM: Pushing the Envelope for Efficient Segment Anything Model,https://arxiv.org/abs/2312.13789
2023-12-22,Align Your Gaussians: Text-to-4D with Dynamic 3D Gaussians and Composed Diffusion Models,https://arxiv.org/abs/2312.13763
2023-12-22,DyBluRF: Dynamic Deblurring Neural Radiance Fields for Blurry Monocular Video,https://arxiv.org/abs/2312.13528
2023-12-22,ShowRoom3D: Text to High-Quality 3D Room Generation Using 3D Priors,https://arxiv.org/abs/2312.13324
2023-12-22,Neural feels with neural fields: Visuo-tactile perception for in-hand manipulation,https://arxiv.org/abs/2312.13469
2023-12-22,Unlocking Pre-trained Image Backbones for Semantic Image Synthesis,https://arxiv.org/abs/2312.13314
2023-12-22,Carve3D: Improving Multi-view Reconstruction Consistency for Diffusion Models with RL Finetuning,https://arxiv.org/abs/2312.13980
2023-12-22,HeadCraft: Modeling High-Detail Shape Variations for Animated 3DMMs,https://arxiv.org/abs/2312.14140
2023-12-26,WaveCoder: Widespread And Versatile Enhanced Instruction Tuning with Refined Data Generation,https://arxiv.org/abs/2312.14187
2023-12-26,Reasons to Reject? Aligning Language Models with Judgments,https://arxiv.org/abs/2312.14591
2023-12-26,DreamDistribution: Prompt Distribution Learning for Text-to-Image Diffusion Models,https://arxiv.org/abs/2312.14216
2023-12-26,PlatoNeRF: 3D Reconstruction in Plato's Cave via Single-View Two-Bounce Lidar,https://arxiv.org/abs/2312.14239
2023-12-26,InternVL: Scaling up Vision Foundation Models and Aligning for Generic Visual-Linguistic Tasks,https://arxiv.org/abs/2312.14238
2023-12-26,VCoder: Versatile Vision Encoders for Multimodal Large Language Models,https://arxiv.org/abs/2312.14233
2023-12-26,Exploiting Novel GPT-4 APIs,https://arxiv.org/abs/2312.14302
2023-12-26,Parrot Captions Teach CLIP to Spot Text,https://arxiv.org/abs/2312.14232
2023-12-26,YAYI 2: Multilingual Open-Source Large Language Models,https://arxiv.org/abs/2312.14862
2023-12-26,Parameter Efficient Tuning Allows Scalable Personalization of LLMs for Text Entry: A Case Study on Abbreviation Expansion,https://arxiv.org/abs/2312.14327
2023-12-26,Generative AI Beyond LLMs: System Implications of Multi-Modal Generation,https://arxiv.org/abs/2312.14385
2023-12-26,Shai: A large language model for asset management,https://arxiv.org/abs/2312.14203
2023-12-26,ZeroShape: Regression-based Zero-shot Shape Reconstruction,https://arxiv.org/abs/2312.14198
2023-12-26,MACS: Mass Conditioned 3D Hand and Object Motion Synthesis,https://arxiv.org/abs/2312.14929
2023-12-26,Pangu-Agent: A Fine-Tunable Generalist Agent with Structured Reasoning,https://arxiv.org/abs/2312.14878
2023-12-26,LLM4VG: Large Language Models Evaluation for Video Grounding,https://arxiv.org/abs/2312.14206
2023-12-27,SOLAR 10.7B: Scaling Large Language Models with Simple yet Effective Depth Up-Scaling,https://arxiv.org/abs/2312.15166
2023-12-27,"Principled Instructions Are All You Need for Questioning LLaMA-1/2, GPT-3.5/4",https://arxiv.org/abs/2312.16171
2023-12-27,Make-A-Character: High Quality Text-to-3D Character Generation within Minutes,https://arxiv.org/abs/2312.15430
2023-12-27,UniRef++: Segment Every Reference Object in Spatial and Temporal Spaces,https://arxiv.org/abs/2312.15715
2023-12-27,A Recipe for Scaling up Text-to-Video Generation with Text-free Videos,https://arxiv.org/abs/2312.15770
2023-12-27,Gemini vs GPT-4V: A Preliminary Comparison and Combination of Vision-Language Models Through Qualitative Cases,https://arxiv.org/abs/2312.15011
2023-12-27,LangSplat: 3D Language Gaussian Splatting,https://arxiv.org/abs/2312.16084
2023-12-27,Audiobox: Unified Audio Generation with Natural Language Prompts,https://arxiv.org/abs/2312.15821
2023-12-27,HarmonyView: Harmonizing Consistency and Diversity in One-Image-to-3D,https://arxiv.org/abs/2312.15980
2023-12-27,"One-dimensional Adapter to Rule Them All: Concepts, Diffusion Models and Erasing Applications",https://arxiv.org/abs/2312.16145
2023-12-27,Human101: Training 100+FPS Human Gaussians in 100s from 1 View,https://arxiv.org/abs/2312.15258
2023-12-27,Supervised Knowledge Makes Large Language Models Better In-context Learners,https://arxiv.org/abs/2312.15918
2023-12-29,TinyGPT-V: Efficient Multimodal Large Language Model via Small Backbones,https://arxiv.org/abs/2312.16862
2023-12-29,"MobileVLM : A Fast, Reproducible and Strong Vision Language Assistant for Mobile Devices",https://arxiv.org/abs/2312.16886
2023-12-29,"Unified-IO 2: Scaling Autoregressive Multimodal Models with Vision, Language, Audio, and Action",https://arxiv.org/abs/2312.17172
2023-12-29,Unsupervised Universal Image Segmentation,https://arxiv.org/abs/2312.17243
2023-12-29,DL3DV-10K: A Large-Scale Scene Dataset for Deep Learning-based 3D Vision,https://arxiv.org/abs/2312.16256
2023-12-29,Generative AI for Math: Part I -- MathPile: A Billion-Token-Scale Pretraining Corpus for Math,https://arxiv.org/abs/2312.17120
2023-12-29,DreamGaussian4D: Generative 4D Gaussian Splatting,https://arxiv.org/abs/2312.17142
2023-12-29,City-on-Web: Real-time Neural Rendering of Large-scale Scenes on the Web,https://arxiv.org/abs/2312.16457
2023-12-29,I2V-Adapter: A General Image-to-Video Adapter for Video Diffusion Models,https://arxiv.org/abs/2312.16693
2023-12-29,Spacetime Gaussian Feature Splatting for Real-Time Dynamic View Synthesis,https://arxiv.org/abs/2312.16812
2023-12-29,The LLM Surgeon,https://arxiv.org/abs/2312.17244
2023-12-29,SSR-Encoder: Encoding Selective Subject Representation for Subject-Driven Generation,https://arxiv.org/abs/2312.16272
2023-12-29,Hyper-VolTran: Fast and Generalizable One-Shot Image to 3D Object Structure via HyperNetworks,https://arxiv.org/abs/2312.16218
2023-12-29,InsActor: Instruction-driven Physics-based Characters,https://arxiv.org/abs/2312.17135
2023-12-29,DiffusionGAN3D: Boosting Text-guided 3D Generation and Domain Adaption by Combining 3D GANs and Diffusion Priors,https://arxiv.org/abs/2312.16837
2023-12-29,PanGu-Draw: Advancing Resource-Efficient Text-to-Image Synthesis with Time-Decoupled Training and Reusable Coop-Diffusion,https://arxiv.org/abs/2312.16486
2023-12-29,Compact Neural Graphics Primitives with Learned Hash Probing,https://arxiv.org/abs/2312.17241
2023-12-29,Restoration by Generation with Constrained Priors,https://arxiv.org/abs/2312.17161
2023-12-29,Prompt Expansion for Adaptive Text-to-Image Generation,https://arxiv.org/abs/2312.16720
2024-01-01,FlowVid: Taming Imperfect Optical Flows for Consistent Video-to-Video Synthesis,https://arxiv.org/abs/2312.17681
2024-01-01,LARP: Language-Agent Role Play for Open-World Games,https://arxiv.org/abs/2312.17653
2024-01-01,PanGu-$Ï€$: Enhancing Language Model Architectures via Nonlinearity Compensation,https://arxiv.org/abs/2312.17276
2024-01-01,Learning Vision from Models Rivals Learning Vision from Data,https://arxiv.org/abs/2312.17742
2024-01-01,Gemini in Reasoning: Unveiling Commonsense in Multimodal Large Language Models,https://arxiv.org/abs/2312.17661
